
SET SQL_MODE = "NO_AUTO_VALUE_ON_ZERO";
SET AUTOCOMMIT = 0;
START TRANSACTION;
SET time_zone = "+00:00";




CREATE TABLE `city` (
  `cityNo` int(11) NOT NULL,
  `city` varchar(30) NOT NULL
) ENGINE=InnoDB DEFAULT CHARSET=utf8;



INSERT INTO `city` (`cityNo`, `city`) VALUES
(1, '基隆市'),
(2, '台北市'),
(3, '新北市'),
(4, '桃園市'),
(5, '新竹市'),
(6, '新竹縣'),
(7, '苗栗縣'),
(8, '台中市'),
(9, '彰化縣'),
(10, '南投縣'),
(11, '雲林縣'),
(12, '嘉義市'),
(13, '嘉義縣'),
(14, '台南市'),
(15, '高雄市'),
(16, '屏東縣'),
(17, '台東縣'),
(18, '花蓮縣'),
(19, '宜蘭縣'),
(20, '澎湖縣'),
(21, '金門縣'),
(22, '連江縣');



CREATE TABLE `citydistrict` (
  `sid` int(11) NOT NULL,
  `cityNo` int(11) NOT NULL,
  `districtNo` int(11) NOT NULL,
  `district` varchar(30) NOT NULL
) ENGINE=InnoDB DEFAULT CHARSET=utf8;



INSERT INTO `citydistrict` (`sid`, `cityNo`, `districtNo`, `district`) VALUES
(1, 1, 200, '仁愛區'),
(2, 1, 201, '信義區'),
(3, 1, 202, '中正區'),
(4, 1, 203, '中山區'),
(5, 1, 204, '安樂區'),
(6, 1, 205, '暖暖區'),
(7, 1, 206, '七堵區'),
(8, 2, 100, '中正區'),
(9, 2, 103, '大同區'),
(10, 2, 104, '中山區'),
(11, 2, 105, '松山區'),
(12, 2, 106, '大安區'),
(13, 2, 108, '萬華區'),
(14, 2, 110, '信義區'),
(15, 2, 111, '士林區'),
(16, 2, 112, '北投區'),
(17, 2, 114, '內湖區'),
(18, 2, 115, '南港區'),
(19, 2, 116, '文山區'),
(20, 3, 207, '萬里區'),
(21, 3, 208, '金山區'),
(22, 3, 220, '板橋區'),
(23, 3, 221, '汐止區'),
(24, 3, 222, '深坑區'),
(25, 3, 223, '石碇區'),
(26, 3, 224, '瑞芳區'),
(27, 3, 226, '平溪區'),
(28, 3, 227, '雙溪區'),
(29, 3, 228, '貢寮區'),
(30, 3, 231, '新店區'),
(31, 3, 232, '坪林區'),
(32, 3, 233, '烏來區'),
(33, 3, 234, '永和區'),
(34, 3, 235, '中和區'),
(35, 3, 236, '土城區'),
(36, 3, 237, '三峽區'),
(37, 3, 238, '樹林區'),
(38, 3, 239, '鶯歌區'),
(39, 3, 241, '三重區'),
(40, 3, 242, '新莊區'),
(41, 3, 243, '泰山區'),
(42, 3, 244, '林口區'),
(43, 3, 247, '蘆洲區'),
(44, 3, 248, '五股區'),
(45, 3, 249, '八里區'),
(46, 3, 251, '淡水區'),
(47, 3, 252, '三芝區'),
(48, 3, 253, '石門區'),
(49, 4, 320, '中壢區'),
(50, 4, 324, '平鎮區'),
(51, 4, 325, '龍潭區'),
(52, 4, 326, '楊梅區'),
(53, 4, 327, '新屋區'),
(54, 4, 328, '觀音區'),
(55, 4, 330, '桃園區'),
(56, 4, 333, '龜山區'),
(57, 4, 334, '八德區'),
(58, 4, 335, '大溪區'),
(59, 4, 336, '復興區'),
(60, 4, 337, '大園區'),
(61, 4, 338, '蘆竹區'),
(62, 5, 300, '東區'),
(63, 5, 300, '北區'),
(64, 5, 300, '香山區'),
(65, 6, 302, '竹北市'),
(66, 6, 303, '湖口鄉'),
(67, 6, 304, '新豐鄉'),
(68, 6, 305, '新埔鎮'),
(69, 6, 306, '關西鎮'),
(70, 6, 307, '芎林鄉'),
(71, 6, 308, '寶山鄉'),
(72, 6, 310, '竹東鎮'),
(73, 6, 311, '五峰鄉'),
(74, 6, 312, '橫山鄉'),
(75, 6, 313, '尖石鄉'),
(76, 6, 314, '北埔鄉'),
(77, 6, 315, '峨眉鄉'),
(78, 7, 350, '竹南鎮'),
(79, 7, 351, '頭份鄉'),
(80, 7, 352, '三灣鄉'),
(81, 7, 353, '南庄鄉'),
(82, 7, 354, '獅潭鄉'),
(83, 7, 356, '後龍鎮'),
(84, 7, 357, '通霄鎮'),
(85, 7, 358, '苑裡鎮'),
(86, 7, 360, '苗栗市'),
(87, 7, 361, '造橋鄉'),
(88, 7, 362, '頭屋鄉'),
(89, 7, 363, '公館鄉'),
(90, 7, 364, '大湖鄉'),
(91, 7, 365, '泰安鄉'),
(92, 7, 366, '銅鑼鄉'),
(93, 7, 367, '三義鄉'),
(94, 7, 368, '西湖鄉'),
(95, 7, 369, '卓蘭鎮'),
(96, 8, 400, '中區'),
(97, 8, 401, '東區'),
(98, 8, 402, '南區'),
(99, 8, 403, '西區'),
(100, 8, 404, '北區'),
(101, 8, 406, '北屯區'),
(102, 8, 407, '西屯區'),
(103, 8, 408, '南屯區'),
(104, 8, 411, '太平區'),
(105, 8, 412, '大里區'),
(106, 8, 413, '霧峰區'),
(107, 8, 414, '烏日區'),
(108, 8, 420, '豐原區'),
(109, 8, 421, '后里區'),
(110, 8, 422, '石岡區'),
(111, 8, 423, '東勢區'),
(112, 8, 424, '和平區'),
(113, 8, 426, '新社區'),
(114, 8, 427, '潭子區'),
(115, 8, 428, '大雅區'),
(116, 8, 429, '神岡區'),
(117, 8, 432, '大肚區'),
(118, 8, 433, '沙鹿區'),
(119, 8, 434, '龍井區'),
(120, 8, 435, '梧棲區'),
(121, 8, 436, '清水區'),
(122, 8, 437, '大甲區'),
(123, 8, 438, '外埔區'),
(124, 8, 439, '大安區'),
(125, 9, 500, '彰化市'),
(126, 9, 502, '芬園鄉'),
(127, 9, 503, '花壇鄉'),
(128, 9, 504, '秀水鄉'),
(129, 9, 505, '鹿港鎮'),
(130, 9, 506, '福興鄉'),
(131, 9, 507, '線西鄉'),
(132, 9, 508, '和美鎮'),
(133, 9, 509, '伸港鄉'),
(134, 9, 510, '員林市'),
(135, 9, 511, '社頭鄉'),
(136, 9, 512, '永靖鄉'),
(137, 9, 513, '埔心鄉'),
(138, 9, 514, '溪湖鎮'),
(139, 9, 515, '大村鄉'),
(140, 9, 516, '埔鹽鄉'),
(141, 9, 520, '田中鎮'),
(142, 9, 521, '北斗鎮'),
(143, 9, 522, '田尾鄉'),
(144, 9, 523, '埤頭鄉'),
(145, 9, 524, '溪州鄉'),
(146, 9, 525, '竹塘鄉'),
(147, 9, 526, '二林鎮'),
(148, 9, 527, '大城鄉'),
(149, 9, 528, '芳苑鄉'),
(150, 9, 530, '二水鄉'),
(151, 10, 540, '南投市'),
(152, 10, 541, '中寮鄉'),
(153, 10, 542, '草屯鎮'),
(154, 10, 544, '國姓鄉'),
(155, 10, 545, '埔里鎮'),
(156, 10, 546, '仁愛鄉'),
(157, 10, 551, '名間鄉'),
(158, 10, 552, '集集鎮'),
(159, 10, 553, '水里鄉'),
(160, 10, 555, '魚池鄉'),
(161, 10, 556, '信義鄉'),
(162, 10, 557, '竹山鎮'),
(163, 10, 558, '鹿谷鄉'),
(164, 11, 630, '斗南鎮'),
(165, 11, 631, '大埤鄉'),
(166, 11, 632, '虎尾鎮'),
(167, 11, 633, '土庫鎮'),
(168, 11, 634, '褒忠鄉'),
(169, 11, 635, '東勢鄉'),
(170, 11, 636, '臺西鄉'),
(171, 11, 637, '崙背鄉'),
(172, 11, 638, '麥寮鄉'),
(173, 11, 640, '斗六市'),
(174, 11, 643, '林內鄉'),
(175, 11, 646, '古坑鄉'),
(176, 11, 647, '莿桐鄉'),
(177, 11, 648, '西螺鎮'),
(178, 11, 649, '二崙鄉'),
(179, 11, 651, '北港鎮'),
(180, 11, 652, '水林鄉'),
(181, 11, 653, '口湖鄉'),
(182, 11, 654, '四湖鄉'),
(183, 11, 655, '元長鄉'),
(184, 12, 600, '東區'),
(185, 12, 600, '南區'),
(186, 13, 602, '番路鄉'),
(187, 13, 603, '梅山鄉'),
(188, 13, 604, '竹崎鄉'),
(189, 13, 605, '阿里山鄉'),
(190, 13, 606, '中埔鄉'),
(191, 13, 607, '大埔鄉'),
(192, 13, 608, '水上鄉'),
(193, 13, 611, '鹿草鄉'),
(194, 13, 612, '太保市'),
(195, 13, 613, '朴子市'),
(196, 13, 614, '東石鄉'),
(197, 13, 615, '六腳鄉'),
(198, 13, 616, '新港鄉'),
(199, 13, 621, '民雄鄉'),
(200, 13, 622, '大林鎮'),
(201, 13, 623, '溪口鄉'),
(202, 13, 624, '義竹鄉'),
(203, 13, 625, '布袋鎮'),
(204, 14, 700, '中西區'),
(205, 14, 701, '東區'),
(206, 14, 702, '南區'),
(207, 14, 704, '北區'),
(208, 14, 708, '安平區'),
(209, 14, 709, '安南區'),
(210, 14, 710, '永康區'),
(211, 14, 711, '歸仁區'),
(212, 14, 712, '新化區'),
(213, 14, 713, '左鎮區'),
(214, 14, 714, '玉井區'),
(215, 14, 715, '楠西區'),
(216, 14, 716, '南化區'),
(217, 14, 717, '仁德區'),
(218, 14, 718, '關廟區'),
(219, 14, 719, '龍崎區'),
(220, 14, 720, '官田區'),
(221, 14, 721, '麻豆區'),
(222, 14, 722, '佳里區'),
(223, 14, 723, '西港區'),
(224, 14, 724, '七股區'),
(225, 14, 725, '將軍區'),
(226, 14, 726, '學甲區'),
(227, 14, 727, '北門區'),
(228, 14, 730, '新營區'),
(229, 14, 731, '後壁區'),
(230, 14, 732, '白河區'),
(231, 14, 733, '東山區'),
(232, 14, 734, '六甲區'),
(233, 14, 735, '下營區'),
(234, 14, 736, '柳營區'),
(235, 14, 737, '鹽水區'),
(236, 14, 741, '善化區'),
(237, 14, 742, '大內區'),
(238, 14, 743, '山上區'),
(239, 14, 744, '新市區'),
(240, 14, 745, '安定區'),
(241, 15, 800, '新興區'),
(242, 15, 801, '前金區'),
(243, 15, 802, '苓雅區'),
(244, 15, 803, '鹽埕區'),
(245, 15, 804, '鼓山區'),
(246, 15, 805, '旗津區'),
(247, 15, 806, '前鎮區'),
(248, 15, 807, '三民區'),
(249, 15, 811, '楠梓區'),
(250, 15, 812, '小港區'),
(251, 15, 813, '左營區'),
(252, 15, 814, '仁武區'),
(253, 15, 815, '大社區'),
(254, 15, 820, '岡山區'),
(255, 15, 821, '路竹區'),
(256, 15, 822, '阿蓮區'),
(257, 15, 823, '田寮區'),
(258, 15, 824, '燕巢區'),
(259, 15, 825, '橋頭區'),
(260, 15, 826, '梓官區'),
(261, 15, 827, '彌陀區'),
(262, 15, 828, '永安區'),
(263, 15, 829, '湖內區'),
(264, 15, 830, '鳳山區'),
(265, 15, 831, '大寮區'),
(266, 15, 832, '林園區'),
(267, 15, 833, '鳥松區'),
(268, 15, 840, '大樹區'),
(269, 15, 842, '旗山區'),
(270, 15, 843, '美濃區'),
(271, 15, 844, '六龜區'),
(272, 15, 845, '內門區'),
(273, 15, 846, '杉林區'),
(274, 15, 847, '甲仙區'),
(275, 15, 848, '桃源區'),
(276, 15, 849, '那瑪夏區'),
(277, 15, 851, '茂林區'),
(278, 15, 852, '茄萣區'),
(279, 16, 900, '屏東市'),
(280, 16, 901, '三地門鄉'),
(281, 16, 902, '霧臺鄉'),
(282, 16, 903, '瑪家鄉'),
(283, 16, 904, '九如鄉'),
(284, 16, 905, '里港鄉'),
(285, 16, 906, '高樹鄉'),
(286, 16, 907, '盬埔鄉'),
(287, 16, 908, '長治鄉'),
(288, 16, 909, '麟洛鄉'),
(289, 16, 911, '竹田鄉'),
(290, 16, 912, '內埔鄉'),
(291, 16, 913, '萬丹鄉'),
(292, 16, 920, '潮州鎮'),
(293, 16, 921, '泰武鄉'),
(294, 16, 922, '來義鄉'),
(295, 16, 923, '萬巒鄉'),
(296, 16, 924, '崁頂鄉'),
(297, 16, 925, '新埤鄉'),
(298, 16, 926, '南州鄉'),
(299, 16, 927, '林邊鄉'),
(300, 16, 928, '東港鎮'),
(301, 16, 929, '琉球鄉'),
(302, 16, 931, '佳冬鄉'),
(303, 16, 932, '新園鄉'),
(304, 16, 940, '枋寮鄉'),
(305, 16, 941, '枋山鄉'),
(306, 16, 942, '春日鄉'),
(307, 16, 943, '獅子鄉'),
(308, 16, 944, '車城鄉'),
(309, 16, 945, '牡丹鄉'),
(310, 16, 946, '恆春鎮'),
(311, 16, 947, '滿州鄉'),
(312, 17, 950, '臺東市'),
(313, 17, 951, '綠島鄉'),
(314, 17, 952, '蘭嶼鄉'),
(315, 17, 953, '延平鄉'),
(316, 17, 954, '卑南鄉'),
(317, 17, 955, '鹿野鄉'),
(318, 17, 956, '關山鎮'),
(319, 17, 957, '海端鄉'),
(320, 17, 958, '池上鄉'),
(321, 17, 959, '東河鄉'),
(322, 17, 961, '成功鎮'),
(323, 17, 962, '長濱鄉'),
(324, 17, 963, '太麻里鄉'),
(325, 17, 964, '金峰鄉'),
(326, 17, 965, '大武鄉'),
(327, 17, 966, '達仁鄉'),
(328, 18, 970, '花蓮市'),
(329, 18, 971, '新城鄉'),
(330, 18, 972, '秀林鄉'),
(331, 18, 973, '吉安鄉'),
(332, 18, 974, '壽豐鄉'),
(333, 18, 975, '鳳林鎮'),
(334, 18, 976, '光復鄉'),
(335, 18, 977, '豐濱鄉'),
(336, 18, 978, '瑞穗鄉'),
(337, 18, 979, '萬榮鄉'),
(338, 18, 981, '玉里鎮'),
(339, 18, 982, '卓溪鄉'),
(340, 18, 983, '富里鄉'),
(341, 19, 260, '宜蘭市'),
(342, 19, 261, '頭城鎮'),
(343, 19, 262, '礁溪鄉'),
(344, 19, 263, '壯圍鄉'),
(345, 19, 264, '員山鄉'),
(346, 19, 265, '羅東鎮'),
(347, 19, 266, '三星鄉'),
(348, 19, 267, '大同鄉'),
(349, 19, 268, '五結鄉'),
(350, 19, 269, '冬山鄉'),
(351, 19, 270, '蘇澳鎮'),
(352, 19, 272, '南澳鄉'),
(353, 19, 290, '釣魚台列嶼'),
(354, 20, 880, '馬公市'),
(355, 20, 881, '西嶼鄉'),
(356, 20, 882, '望安鄉'),
(357, 20, 883, '七美鄉'),
(358, 20, 884, '白沙鄉'),
(359, 20, 885, '湖西鄉'),
(360, 21, 890, '金沙鎮'),
(361, 21, 891, '金湖鎮'),
(362, 21, 892, '金寧鄉'),
(363, 21, 893, '金城鎮'),
(364, 21, 894, '烈嶼鄉'),
(365, 21, 896, '烏坵鄉'),
(366, 22, 209, '南竿鄉'),
(367, 22, 210, '北竿鄉'),
(368, 22, 211, '莒光鄉'),
(369, 22, 212, '東引鄉');



CREATE TABLE `member_info` (
  `sid` int(11) NOT NULL,
  `account` varchar(25) NOT NULL,
  `name` varchar(25) NOT NULL,
  `password` varchar(30) NOT NULL,
  `gender` int(1) NOT NULL,
  `birth` date NOT NULL,
  `idNo` varchar(10) NOT NULL,
  `mobile` int(10) NOT NULL,
  `email` varchar(40) NOT NULL,
  `address` varchar(50) NOT NULL,
  `created_time` datetime NOT NULL
) ENGINE=InnoDB DEFAULT CHARSET=utf8;



INSERT INTO `member_info` (`sid`, `account`, `name`, `password`, `gender`, `birth`, `idNo`, `mobile`, `email`, `address`, `created_time`) VALUES
(1, 'test', 'Test', 123456, 1, '1994-04-07', 'F129148521', 919489654, 'test@gmail.com', 'testestestestest', '2019-11-04 09:00:00'),
(3, 'test02', 'test02', 123456, 2, '1994-05-08', 'F129148521', 919458632, 'test02@gmail.com', 'test02020testset', '2019-11-03 12:15:00');


ALTER TABLE `city`
  ADD PRIMARY KEY (`cityNo`);


ALTER TABLE `citydistrict`
  ADD PRIMARY KEY (`sid`),
  ADD KEY `cityNo` (`cityNo`);


ALTER TABLE `member_info`
  ADD PRIMARY KEY (`sid`);


ALTER TABLE `citydistrict`
  MODIFY `sid` int(11) NOT NULL AUTO_INCREMENT, AUTO_INCREMENT=370;


ALTER TABLE `member_info`
  MODIFY `sid` int(11) NOT NULL AUTO_INCREMENT, AUTO_INCREMENT=4;


ALTER TABLE `citydistrict`
  ADD CONSTRAINT `citydistrict_ibfk_1` FOREIGN KEY (`cityNo`) REFERENCES `city` (`cityNo`);
COMMIT;

